a4f12b04-ca44-40ef-a82b-c9e70d7d71e0,f0f401a4-2ea3-4289-9a83-8eb3b30215af,62b66335-6705-4bea-80de-e43cbf918fdb,2024-03-24T11:47:42.286+01:00,2024-03-24T17:06:42.286+01:00,Gdańsk
26239f85-8461-4b07-9278-317e3d3bef4a,f0f401a4-2ea3-4289-9a83-8eb3b30215af,86c8a920-03cd-4563-9e0a-8760bf0880a4,2024-03-24T06:31:42.286+01:00,2024-03-24T17:45:42.286+01:00,Wrocław
dc69215e-9b30-48d1-af75-693b29feb469,f0f401a4-2ea3-4289-9a83-8eb3b30215af,78fa1fcd-12fd-47b0-b0ad-d9c996939fae,2024-03-24T06:46:42.286+01:00,2024-03-24T17:15:42.286+01:00,Gdańsk
82c204fb-e5cd-49f8-ae30-0987f6362fc3,f0f401a4-2ea3-4289-9a83-8eb3b30215af,abaf804e-35aa-4414-bb75-a4afd85b3651,2024-03-23T06:21:42.286+01:00,2024-03-23T17:20:42.286+01:00,Gdańsk
af4fa1d5-444a-4ae8-9ce1-824e66e5fef0,f0f401a4-2ea3-4289-9a83-8eb3b30215af,feca57d2-e28d-4b39-b430-e680c033055a,2024-03-23T07:53:42.286+01:00,2024-03-23T17:07:42.286+01:00,Warszawa
06eb4b88-45da-4435-b813-55dc24c8e5f3,f0f401a4-2ea3-4289-9a83-8eb3b30215af,095fac6f-73e0-44cc-8e17-2eeb863318e6,2024-03-23T12:13:42.286+01:00,2024-03-23T17:07:42.286+01:00,Wrocław
7acfc395-4fad-4843-a898-8b9e8af13de4,f0f401a4-2ea3-4289-9a83-8eb3b30215af,356ea1a0-b850-451d-96c1-e5da7961f08b,2024-03-23T12:28:42.286+01:00,2024-03-23T17:48:42.286+01:00,Gdańsk
0e9e2e86-8aa0-4afa-ad25-469ca8322e2c,f0f401a4-2ea3-4289-9a83-8eb3b30215af,a9f102b2-7b71-406f-81e5-ab835fb3150b,2024-03-23T10:22:42.286+01:00,2024-03-23T17:35:42.286+01:00,Warszawa
39324209-07ef-474d-b51a-ddf3c3be357e,f0f401a4-2ea3-4289-9a83-8eb3b30215af,88ada195-2896-4d6b-bded-debacbec6abc,2024-03-23T11:16:42.286+01:00,2024-03-23T17:21:42.286+01:00,Gdańsk
3299b76a-7a0e-4b7a-8766-506b3e517090,f0f401a4-2ea3-4289-9a83-8eb3b30215af,4b291352-f036-4bc3-a0ed-d13b7b9078a2,2024-03-23T09:46:42.286+01:00,2024-03-23T17:54:42.286+01:00,Wrocław
7edd2b14-e878-403b-bfbe-4a2a18fcf8b2,f0f401a4-2ea3-4289-9a83-8eb3b30215af,acd59554-2461-4360-a87a-a37060bd0886,2024-03-23T11:39:42.286+01:00,2024-03-23T17:41:42.286+01:00,Warszawa
d09578b4-65b7-4598-bd39-82c62f709c91,f0f401a4-2ea3-4289-9a83-8eb3b30215af,d0f4fce4-1160-49cf-ad6e-e28d8a0cb974,2024-03-22T08:56:42.286+01:00,2024-03-22T17:09:42.286+01:00,Wrocław
a01eac9d-edfd-40ae-948c-7b3b18d7cc59,f0f401a4-2ea3-4289-9a83-8eb3b30215af,ccf12f89-4935-45c8-ba70-0fcf5cd29f8d,2024-03-22T10:03:42.286+01:00,2024-03-22T17:55:42.286+01:00,Gdańsk
d4c08608-ffb7-4b37-bc7b-5cf64f0c17e3,f0f401a4-2ea3-4289-9a83-8eb3b30215af,5cb52237-6d7e-4298-abdc-232a1a2a5c69,2024-03-22T10:45:42.286+01:00,2024-03-22T17:24:42.286+01:00,Warszawa
0ae77ac9-eaac-47a2-a2b9-9c2f6ab88d6c,f0f401a4-2ea3-4289-9a83-8eb3b30215af,d3e98979-7aa5-42e8-9e1b-569ab7164c5f,2024-03-22T11:37:42.286+01:00,2024-03-22T17:54:42.286+01:00,Wrocław
64d76281-f78b-4ed5-a2d4-5df1d8b5f487,f0f401a4-2ea3-4289-9a83-8eb3b30215af,42d6a7e2-028b-49e8-912e-2059c5d11775,2024-03-22T09:42:42.286+01:00,2024-03-22T17:12:42.286+01:00,Warszawa
9af9479d-e9b1-4018-a839-6e914918ae0b,f0f401a4-2ea3-4289-9a83-8eb3b30215af,fee00d22-4d4d-4f54-ba6d-946f3e16ca53,2024-03-22T08:51:42.286+01:00,2024-03-22T17:47:42.286+01:00,Gdańsk
bf903567-2b48-432e-bedc-a3372fa06374,f0f401a4-2ea3-4289-9a83-8eb3b30215af,5f6734c7-2b15-4e10-a850-2198fea420a2,2024-03-21T06:00:42.286+01:00,2024-03-21T17:20:42.286+01:00,Wrocław
4fb02771-b372-42e0-b1e1-88e97b7d74d5,f0f401a4-2ea3-4289-9a83-8eb3b30215af,1d35ac3f-3e74-469c-aa8c-2983a0f6af1c,2024-03-21T07:43:42.286+01:00,2024-03-21T17:35:42.286+01:00,Warszawa
5e3a13ed-fbfb-412f-99fc-b6aeb0a56693,f0f401a4-2ea3-4289-9a83-8eb3b30215af,adabf390-918d-4a5a-a769-11cfae7b3206,2024-03-21T12:04:42.286+01:00,2024-03-21T17:43:42.286+01:00,Warszawa
d5eb0cd1-7a4b-4690-852c-ffe4b1d6518f,f0f401a4-2ea3-4289-9a83-8eb3b30215af,456564b8-7646-48a0-8180-cbb8249263de,2024-03-21T08:34:42.286+01:00,2024-03-21T17:31:42.286+01:00,Warszawa
02098c43-c64a-4254-b635-177d799749f9,f0f401a4-2ea3-4289-9a83-8eb3b30215af,7547434a-cda9-436c-afed-bf766d226ec2,2024-03-21T11:41:42.286+01:00,2024-03-21T17:35:42.286+01:00,Gdańsk
27e0a630-54f8-46ec-8348-86964af6b3c5,f0f401a4-2ea3-4289-9a83-8eb3b30215af,303c90e1-cc7f-4659-a03b-843b767b37b0,2024-03-21T12:10:42.286+01:00,2024-03-21T17:29:42.286+01:00,Wrocław
03dcce3b-89d3-494c-8866-74a42b8ea922,f0f401a4-2ea3-4289-9a83-8eb3b30215af,ea271479-c48b-46cd-a20f-4c0338e7519d,2024-03-21T08:27:42.286+01:00,2024-03-21T17:38:42.286+01:00,Gdańsk
1b40fbd0-93ee-48a7-893e-a5d7d7764081,f0f401a4-2ea3-4289-9a83-8eb3b30215af,c03dfd15-e4d6-4958-a1d0-7caf466c0567,2024-03-21T08:29:42.286+01:00,2024-03-21T17:03:42.286+01:00,Wrocław
eb3196f9-4a19-44f8-b20e-69f396465b65,f0f401a4-2ea3-4289-9a83-8eb3b30215af,7afe1490-f00f-4370-8f3a-6317083d2689,2024-03-21T07:23:42.286+01:00,2024-03-21T17:01:42.286+01:00,Warszawa
d160fb12-ed12-4519-a387-0cc02a895928,f0f401a4-2ea3-4289-9a83-8eb3b30215af,81b91a74-85a3-4932-95c4-259e9253863d,2024-03-21T10:44:42.286+01:00,2024-03-21T17:02:42.286+01:00,Gdańsk
4040d062-f212-413d-b325-8826d6c06735,f0f401a4-2ea3-4289-9a83-8eb3b30215af,26323e85-806f-4120-9d71-c2b2008c1283,2024-03-20T08:43:42.286+01:00,2024-03-20T17:04:42.286+01:00,Wrocław
a13894e3-dc46-4979-ba6a-00baba647bba,f0f401a4-2ea3-4289-9a83-8eb3b30215af,5d0dd957-a7b3-4f08-8eec-cdde429d72e8,2024-03-20T08:33:42.286+01:00,2024-03-20T17:19:42.286+01:00,Gdańsk
dad7aee2-f31e-468a-947a-0a83e1862b6d,f0f401a4-2ea3-4289-9a83-8eb3b30215af,860e1b64-4dd7-4aeb-9ecf-a314b114cb09,2024-03-20T12:06:42.286+01:00,2024-03-20T17:22:42.286+01:00,Gdańsk
f06f349a-5dac-4810-af3f-b221ac018f67,f0f401a4-2ea3-4289-9a83-8eb3b30215af,a61707e2-6021-48a9-b2cd-961056be8bc2,2024-03-19T10:13:42.286+01:00,2024-03-19T17:43:42.286+01:00,Warszawa
735e3d90-702d-4928-854a-6b590e3777f8,f0f401a4-2ea3-4289-9a83-8eb3b30215af,69c22d3e-b8d1-4782-9b60-b8d3e14bca44,2024-03-19T07:21:42.286+01:00,2024-03-19T17:48:42.286+01:00,Wrocław
757b3bbc-13ab-4bc3-bf6c-eaa3843590dd,f0f401a4-2ea3-4289-9a83-8eb3b30215af,7742cc01-5342-4d83-a25d-fcf22e6e033d,2024-03-19T06:58:42.286+01:00,2024-03-19T17:22:42.286+01:00,Warszawa
f6aa8f9a-9baf-47ee-9a55-d95bc8e00cf0,f0f401a4-2ea3-4289-9a83-8eb3b30215af,3dd7fc7d-e3f1-4407-9f57-4eb3ead2e3bb,2024-03-19T11:55:42.286+01:00,2024-03-19T17:35:42.286+01:00,Warszawa
c672a7b7-4d49-44bd-bafe-0206d8521181,f0f401a4-2ea3-4289-9a83-8eb3b30215af,a3e72746-bfca-4298-9cd3-627410a5f7bf,2024-03-18T11:03:42.286+01:00,2024-03-18T17:08:42.286+01:00,Wrocław
d60acff8-3c0e-409d-a178-cd48d0497209,f0f401a4-2ea3-4289-9a83-8eb3b30215af,288fa2cb-a97c-4902-aea1-439accdda587,2024-03-18T11:16:42.286+01:00,2024-03-18T17:54:42.286+01:00,Warszawa
d348e5e0-4c3d-4321-8695-0dcd4fbe5c2a,f0f401a4-2ea3-4289-9a83-8eb3b30215af,f65a8c31-b0da-44cc-9929-04c6029c2fe1,2024-03-18T12:17:42.286+01:00,2024-03-18T17:03:42.286+01:00,Gdańsk
279361c5-db67-44ab-9519-8bf16b87498a,f0f401a4-2ea3-4289-9a83-8eb3b30215af,43f4281c-1298-43f9-b7f0-db1b1a52d50f,2024-03-18T08:58:42.286+01:00,2024-03-18T17:03:42.286+01:00,Warszawa
871d4f7c-fdc5-4eb8-b442-34e35eaca2f9,f0f401a4-2ea3-4289-9a83-8eb3b30215af,72b583a4-461d-4fc5-a273-42928bc93877,2024-03-18T08:16:42.286+01:00,2024-03-18T17:09:42.286+01:00,Warszawa
5a2a2bca-829a-40f3-b231-ffa479f38337,f0f401a4-2ea3-4289-9a83-8eb3b30215af,06dc6c31-c12a-4672-bf04-b556fe35e7ae,2024-03-18T09:49:42.286+01:00,2024-03-18T17:16:42.286+01:00,Wrocław
64959f6e-f308-4e66-ae8a-f1e1dbdd7200,f0f401a4-2ea3-4289-9a83-8eb3b30215af,c5e69d3e-3ba8-4306-8d89-ec6116aafe23,2024-03-18T08:07:42.286+01:00,2024-03-18T17:56:42.286+01:00,Gdańsk
c7f93c32-df23-4b5a-b7a9-40ed1ce5e05b,f0f401a4-2ea3-4289-9a83-8eb3b30215af,d799e0cb-7009-4748-a93e-5448f503c281,2024-03-18T06:32:42.286+01:00,2024-03-18T17:38:42.286+01:00,Wrocław
ced6cf86-f27a-4aa6-9ddb-bad641fe6d5d,f0f401a4-2ea3-4289-9a83-8eb3b30215af,fbe7497c-00e0-4344-9af5-8e9b6a9dd613,2024-03-18T10:02:42.286+01:00,2024-03-18T17:27:42.286+01:00,Wrocław
40c45282-ef05-40d2-9482-232099bc5cc1,f0f401a4-2ea3-4289-9a83-8eb3b30215af,7fcbd9da-a74e-4f1f-b61b-d8d3c8102903,2024-03-17T08:21:42.286+01:00,2024-03-17T17:24:42.286+01:00,Wrocław
52a3b336-07e6-41a9-a1c3-99d5ac768799,f0f401a4-2ea3-4289-9a83-8eb3b30215af,3b4c69ce-dbba-49d7-baed-cac78ca3409a,2024-03-17T07:56:42.286+01:00,2024-03-17T17:44:42.286+01:00,Wrocław
3cda05b5-c837-4e2c-9c92-9411350b07b0,f0f401a4-2ea3-4289-9a83-8eb3b30215af,e848372e-5338-4b8e-ae15-d9893d559b32,2024-03-17T10:12:42.286+01:00,2024-03-17T17:47:42.286+01:00,Wrocław
34bde37b-96d4-4282-aeae-45d178fffdb3,f0f401a4-2ea3-4289-9a83-8eb3b30215af,7007213a-5de6-4ce9-9a0b-d99719e5de0f,2024-03-17T09:27:42.286+01:00,2024-03-17T17:02:42.286+01:00,Gdańsk
dcd1712b-5f9c-46c0-9e4e-baf4b48c0517,f0f401a4-2ea3-4289-9a83-8eb3b30215af,434cd86c-4b1f-42c2-8528-1f2d72fb82ed,2024-03-17T10:07:42.286+01:00,2024-03-17T17:56:42.286+01:00,Wrocław
0fb30d13-021b-46ac-8feb-aba5f0428e11,f0f401a4-2ea3-4289-9a83-8eb3b30215af,18b031e8-4b28-4e5c-9a3a-1e9e9165b3ee,2024-03-17T06:24:42.286+01:00,2024-03-17T17:23:42.286+01:00,Wrocław
ecc33a9b-ad9c-4c9e-a0b5-203d3aaa1e28,f0f401a4-2ea3-4289-9a83-8eb3b30215af,72b583a4-461d-4fc5-a273-42928bc93877,2024-03-16T06:05:42.286+01:00,2024-03-16T17:35:42.286+01:00,Wrocław
e604b52b-6ec1-4c59-81c6-bd11bb46f96b,f0f401a4-2ea3-4289-9a83-8eb3b30215af,de5f1a4d-7cc2-4782-b1bc-39834bc74da9,2024-03-16T11:06:42.286+01:00,2024-03-16T17:28:42.286+01:00,Gdańsk
41820d30-5134-44e0-a9c5-45f733dc9147,f0f401a4-2ea3-4289-9a83-8eb3b30215af,ea9c21cc-690f-49cd-8788-a78efd858730,2024-03-16T08:31:42.286+01:00,2024-03-16T17:50:42.286+01:00,Wrocław
6787f5bb-842f-489f-b46c-b7444e3306ab,f0f401a4-2ea3-4289-9a83-8eb3b30215af,dd21ed11-d612-4d30-9ffa-137bf2737cde,2024-03-16T11:45:42.286+01:00,2024-03-16T17:05:42.286+01:00,Wrocław
4068b8c9-c6a7-4374-a11f-1ddf40b2af42,f0f401a4-2ea3-4289-9a83-8eb3b30215af,01b38486-c163-4b1e-8424-9d5d86c88775,2024-03-15T06:27:42.286+01:00,2024-03-15T17:41:42.286+01:00,Wrocław
e2c55235-92f2-4213-a907-a3fc98f8db6d,f0f401a4-2ea3-4289-9a83-8eb3b30215af,39bb9f49-1bed-4092-a308-4bae7d6f8b78,2024-03-15T10:34:42.286+01:00,2024-03-15T17:51:42.286+01:00,Wrocław
6a21aa17-f091-457e-a116-7c541815de54,f0f401a4-2ea3-4289-9a83-8eb3b30215af,460af002-9c95-4156-9eca-376bb7a40e57,2024-03-15T08:44:42.286+01:00,2024-03-15T17:14:42.286+01:00,Gdańsk
c127b359-f4eb-4822-8a92-8b85b6f0857c,f0f401a4-2ea3-4289-9a83-8eb3b30215af,d93d3270-c4e1-4e13-a189-75c0be9c605a,2024-03-15T06:02:42.286+01:00,2024-03-15T17:30:42.286+01:00,Gdańsk
a1c2db09-651e-4c04-8dc0-eedcea76f9a8,f0f401a4-2ea3-4289-9a83-8eb3b30215af,49db05a1-ca6c-4428-8f6a-33a046c1323e,2024-03-15T09:48:42.286+01:00,2024-03-15T17:22:42.286+01:00,Wrocław
faf61434-f3f5-40bf-89bc-314e342f9b85,f0f401a4-2ea3-4289-9a83-8eb3b30215af,954b994b-4122-4e9a-90df-f5ca4a3bb958,2024-03-14T06:45:42.286+01:00,2024-03-14T17:45:42.286+01:00,Wrocław
eb80a585-e3e0-4fe2-9afd-6554c44aecba,f0f401a4-2ea3-4289-9a83-8eb3b30215af,512083cd-8946-4b99-9f2f-4a0e72001731,2024-03-14T09:38:42.286+01:00,2024-03-14T17:15:42.286+01:00,Warszawa
c76e28b1-8330-4a6f-a0e4-ace262b208e0,f0f401a4-2ea3-4289-9a83-8eb3b30215af,a758bf3a-2b38-4d51-baeb-3e6076d6174b,2024-03-14T10:13:42.286+01:00,2024-03-14T17:34:42.286+01:00,Warszawa
10081958-1d64-46f1-ac52-9eda83b9d444,f0f401a4-2ea3-4289-9a83-8eb3b30215af,6488bdb5-a308-4cbb-8720-10a765df8fb7,2024-03-14T09:50:42.286+01:00,2024-03-14T17:23:42.286+01:00,Gdańsk
e7ff30fa-2c5e-4aac-8eb3-d4665b9a0ab7,f0f401a4-2ea3-4289-9a83-8eb3b30215af,bf06172a-1d36-49e2-8040-d62c63316f3b,2024-03-14T10:15:42.286+01:00,2024-03-14T17:48:42.286+01:00,Gdańsk
2ea638c2-0207-4830-9580-014de04e84b9,f0f401a4-2ea3-4289-9a83-8eb3b30215af,48d34cc8-c568-49dd-9e0d-1ba4330c8fbe,2024-03-14T08:49:42.286+01:00,2024-03-14T17:49:42.286+01:00,Wrocław
a0b04b7f-d4c0-4d8d-a613-ea2e0cdde937,f0f401a4-2ea3-4289-9a83-8eb3b30215af,99c9ff38-32a7-465d-af90-175891773f7a,2024-03-14T11:29:42.286+01:00,2024-03-14T17:30:42.286+01:00,Wrocław
ce3041b5-e2d8-41eb-8bbc-ebcb1be2a19b,f0f401a4-2ea3-4289-9a83-8eb3b30215af,95724344-d75b-4206-90b7-fe3d0618e581,2024-03-14T07:43:42.286+01:00,2024-03-14T17:57:42.286+01:00,Warszawa
42551a04-b5f1-4ec0-9192-7923805d74a1,f0f401a4-2ea3-4289-9a83-8eb3b30215af,569e6868-4665-44e5-98f3-130cf7798bb2,2024-03-13T12:50:42.286+01:00,2024-03-13T17:43:42.286+01:00,Warszawa
231fd3bf-dde7-4257-bed3-03b1dc6b3b41,f0f401a4-2ea3-4289-9a83-8eb3b30215af,4ebbf090-b2a2-4937-b034-b0da46465953,2024-03-13T07:30:42.286+01:00,2024-03-13T17:13:42.286+01:00,Wrocław
a936569d-3b37-403e-afa0-c29621a24493,f0f401a4-2ea3-4289-9a83-8eb3b30215af,83e726ad-1e85-4976-a849-bac0b1608397,2024-03-12T12:41:42.286+01:00,2024-03-12T17:07:42.286+01:00,Gdańsk
1a12c3e8-c563-4e17-8990-de5671b8cc89,f0f401a4-2ea3-4289-9a83-8eb3b30215af,303c90e1-cc7f-4659-a03b-843b767b37b0,2024-03-12T11:29:42.286+01:00,2024-03-12T17:29:42.286+01:00,Wrocław
d2a53394-b528-4c27-830b-b04ae8e18394,f0f401a4-2ea3-4289-9a83-8eb3b30215af,26323e85-806f-4120-9d71-c2b2008c1283,2024-03-11T10:47:42.286+01:00,2024-03-11T17:12:42.286+01:00,Wrocław
8fca44ca-ad25-468c-bf1a-9d856a63dbec,f0f401a4-2ea3-4289-9a83-8eb3b30215af,486eceaf-c669-49bb-ab88-86950c3ab982,2024-03-11T10:55:42.286+01:00,2024-03-11T17:13:42.286+01:00,Gdańsk
0d080223-c0cc-4209-a4b2-6611f997aace,f0f401a4-2ea3-4289-9a83-8eb3b30215af,8ed7615a-b3ec-4258-ad82-2e4d7ab4322f,2024-03-11T08:04:42.286+01:00,2024-03-11T17:04:42.286+01:00,Gdańsk
8d904e4d-8afa-45ed-85be-0401036a5d34,f0f401a4-2ea3-4289-9a83-8eb3b30215af,8bd426b8-59f6-46ad-96a9-ef52eeb7e7bf,2024-03-11T06:37:42.286+01:00,2024-03-11T17:05:42.286+01:00,Warszawa
2c16b71d-cfea-4015-bbda-35c15f8a09e1,f0f401a4-2ea3-4289-9a83-8eb3b30215af,51a96c11-b2f0-468b-ae30-85d1b6c1abb6,2024-03-11T09:13:42.286+01:00,2024-03-11T17:27:42.286+01:00,Wrocław
c5469503-a166-41a3-af2c-effea2383931,f0f401a4-2ea3-4289-9a83-8eb3b30215af,1578e3a2-afc3-4f73-aa1b-19297b69f9bd,2024-03-11T12:44:42.286+01:00,2024-03-11T17:35:42.286+01:00,Wrocław
56c0ab48-9723-49cb-9089-b4416b7d7d36,f0f401a4-2ea3-4289-9a83-8eb3b30215af,e5ca4506-7b6a-4641-8a94-5080b1a33058,2024-03-11T12:52:42.286+01:00,2024-03-11T17:51:42.286+01:00,Warszawa
0dea8fc7-3c9f-4662-b91e-10e15786cc82,f0f401a4-2ea3-4289-9a83-8eb3b30215af,acdce98d-6594-462d-95b3-5f96d45fc197,2024-03-10T12:21:42.286+01:00,2024-03-10T17:48:42.286+01:00,Gdańsk
996246aa-5762-4b28-9d3c-dfa358b91b6d,f0f401a4-2ea3-4289-9a83-8eb3b30215af,bf8ccc7e-a0f7-45d8-89e6-3f6dffafc60b,2024-03-10T12:04:42.286+01:00,2024-03-10T17:42:42.286+01:00,Warszawa
8a39b685-68e3-4897-9307-b9260177db42,f0f401a4-2ea3-4289-9a83-8eb3b30215af,f65a8c31-b0da-44cc-9929-04c6029c2fe1,2024-03-10T10:44:42.286+01:00,2024-03-10T17:47:42.286+01:00,Gdańsk
e3c89f7c-e91a-4e93-9bd2-8bb881fc3db0,f0f401a4-2ea3-4289-9a83-8eb3b30215af,0e43082e-2014-4a75-a9a4-8d3c5305391b,2024-03-10T08:47:42.286+01:00,2024-03-10T17:08:42.286+01:00,Gdańsk
488b062b-512a-411d-bf03-257f7f97559a,f0f401a4-2ea3-4289-9a83-8eb3b30215af,8ecf3acc-417b-4a10-b1e9-07264ebd8106,2024-03-10T10:34:42.286+01:00,2024-03-10T17:10:42.286+01:00,Warszawa
7b273c92-4276-4dcd-8784-f63d7937edac,f0f401a4-2ea3-4289-9a83-8eb3b30215af,e7d8a49e-b409-4627-a9b7-e6ba5b0e9a87,2024-03-09T08:32:42.286+01:00,2024-03-09T17:01:42.286+01:00,Gdańsk
624e2f57-c30f-4814-89aa-ab0021aa4f68,f0f401a4-2ea3-4289-9a83-8eb3b30215af,6cda5de4-221e-49cb-b2b2-a635e3d99a87,2024-03-09T09:20:42.286+01:00,2024-03-09T17:35:42.286+01:00,Warszawa
8ed3770e-0e79-4ad8-99a1-f9448e0f30ca,f0f401a4-2ea3-4289-9a83-8eb3b30215af,9077bbec-0f85-4b33-aec3-2c84bc8788b4,2024-03-09T08:52:42.286+01:00,2024-03-09T17:38:42.286+01:00,Gdańsk
26b2b1f1-0c7c-4de5-8943-8eca5f6db355,f0f401a4-2ea3-4289-9a83-8eb3b30215af,b582bb8b-0abb-4633-81aa-d234a284a2d0,2024-03-09T09:57:42.286+01:00,2024-03-09T17:28:42.286+01:00,Warszawa
50d7d54e-8c4c-4e37-bf96-06a229e6db91,f0f401a4-2ea3-4289-9a83-8eb3b30215af,b791c113-1365-4b76-a5e0-5e80bc8f0d42,2024-03-09T07:02:42.286+01:00,2024-03-09T17:40:42.286+01:00,Gdańsk
fa479afb-435e-4110-bf18-3f1480bc6a7f,f0f401a4-2ea3-4289-9a83-8eb3b30215af,46b7c914-62b7-4592-bc3d-66f106ed8bbe,2024-03-09T09:41:42.286+01:00,2024-03-09T17:01:42.286+01:00,Gdańsk
e4a5a104-6b3d-40eb-8c87-4754c67c16c1,f0f401a4-2ea3-4289-9a83-8eb3b30215af,5b66103b-7cb3-4f57-887c-424341a4c4cd,2024-03-09T09:02:42.286+01:00,2024-03-09T17:33:42.286+01:00,Wrocław
d70433a7-0b98-41a7-9b10-a217e23c1420,f0f401a4-2ea3-4289-9a83-8eb3b30215af,8523fd26-f1ed-44a1-907b-8c4fb34f20ea,2024-03-08T11:52:42.286+01:00,2024-03-08T17:48:42.286+01:00,Warszawa
86ab9624-7bc9-40e3-b9ee-bbd44b34bc7c,f0f401a4-2ea3-4289-9a83-8eb3b30215af,63ce63d0-1ed4-48bd-a96f-553de7935fa1,2024-03-08T08:14:42.286+01:00,2024-03-08T17:49:42.286+01:00,Wrocław
79b34883-0a77-4fc6-a13e-d5c3ad73f778,f0f401a4-2ea3-4289-9a83-8eb3b30215af,4ca98e02-cebd-4019-8803-ffa52a30b833,2024-03-08T08:57:42.286+01:00,2024-03-08T17:10:42.286+01:00,Wrocław
4da15f14-9744-456c-b6af-85a5ef6ee40d,f0f401a4-2ea3-4289-9a83-8eb3b30215af,5d129ccd-bf5d-4a75-9687-ef63fdf48167,2024-03-08T07:59:42.286+01:00,2024-03-08T17:28:42.286+01:00,Gdańsk
c28d87fc-91a2-4f3e-b20c-569f2a831812,f0f401a4-2ea3-4289-9a83-8eb3b30215af,796a1532-fa40-42e5-a25c-9d8f2b3d41e6,2024-03-08T11:08:42.286+01:00,2024-03-08T17:40:42.286+01:00,Wrocław
6e673cd7-fbc5-4208-a9b0-8d2011aeae82,f0f401a4-2ea3-4289-9a83-8eb3b30215af,14e47617-839f-4ceb-bcd5-d9a7000dd608,2024-03-07T10:49:42.286+01:00,2024-03-07T17:20:42.286+01:00,Wrocław
8f47f2bd-1c62-4105-ae2d-7a26b5ec8d05,f0f401a4-2ea3-4289-9a83-8eb3b30215af,77f186a5-0b73-45c4-be0f-266538dd39ee,2024-03-07T12:30:42.286+01:00,2024-03-07T17:28:42.286+01:00,Gdańsk
1231e0ef-0008-4b5d-82d4-45309c344b76,f0f401a4-2ea3-4289-9a83-8eb3b30215af,75c598c7-9f56-4f48-9f92-12b039f35232,2024-03-07T12:32:42.286+01:00,2024-03-07T17:38:42.286+01:00,Warszawa
8b040676-cea4-4dfc-b451-529d7e0fcde6,f0f401a4-2ea3-4289-9a83-8eb3b30215af,a3fb9cfe-e8ce-4ac4-83ce-2f40fd5229cf,2024-03-06T11:49:42.286+01:00,2024-03-06T17:29:42.286+01:00,Warszawa
39d2d548-aadb-4d81-a503-06fe7cb88f25,f0f401a4-2ea3-4289-9a83-8eb3b30215af,4825cc2d-fd09-4177-b278-2a736f594be6,2024-03-06T09:43:42.286+01:00,2024-03-06T17:40:42.286+01:00,Wrocław
f3854ea2-790f-4978-892c-3bfa137ff99c,f0f401a4-2ea3-4289-9a83-8eb3b30215af,e1b14ae9-200a-4aeb-bb34-fe598a3d0b7f,2024-03-06T07:39:42.286+01:00,2024-03-06T17:47:42.286+01:00,Warszawa
35ecde41-aa68-4c19-aaaa-c8c462a4b2e9,f0f401a4-2ea3-4289-9a83-8eb3b30215af,9170f99b-2633-4807-a9c7-deda2e12af6f,2024-03-06T06:24:42.286+01:00,2024-03-06T16:59:42.286+01:00,Wrocław
3bbcd067-4287-4b3e-936d-9895e10dca50,f0f401a4-2ea3-4289-9a83-8eb3b30215af,b3d2936e-cd29-48de-8eed-6fe0578ab9b7,2024-03-06T10:51:42.286+01:00,2024-03-06T17:46:42.286+01:00,Warszawa
2fd679f9-044c-40c3-9573-42ae591d4e17,f0f401a4-2ea3-4289-9a83-8eb3b30215af,c5e69d3e-3ba8-4306-8d89-ec6116aafe23,2024-03-06T11:01:42.286+01:00,2024-03-06T17:22:42.286+01:00,Gdańsk
94a0b76c-3b78-4251-a62c-573a0969d010,f0f401a4-2ea3-4289-9a83-8eb3b30215af,8751e2e2-f394-40f1-9371-bd821998778b,2024-03-06T11:22:42.286+01:00,2024-03-06T17:47:42.286+01:00,Gdańsk
d6498e02-658e-4492-8d4a-a981f32d79f8,f0f401a4-2ea3-4289-9a83-8eb3b30215af,44c599d5-083d-4b71-9639-d0542146c628,2024-03-05T08:31:42.286+01:00,2024-03-05T17:11:42.286+01:00,Warszawa
52f33c46-19f7-40fd-96bc-60b084c0d743,f0f401a4-2ea3-4289-9a83-8eb3b30215af,59bee966-ef2f-4e32-9486-5f093135c195,2024-03-05T12:22:42.286+01:00,2024-03-05T17:12:42.286+01:00,Gdańsk
8b69d698-1d94-4e63-8337-c16121090aa7,f0f401a4-2ea3-4289-9a83-8eb3b30215af,e5478a7c-c1c1-441a-83fb-5dad5fca67b2,2024-03-05T12:52:42.286+01:00,2024-03-05T17:35:42.286+01:00,Warszawa
639e2102-c480-4e6f-8cda-c95c3e8913b5,f0f401a4-2ea3-4289-9a83-8eb3b30215af,9ef44e5a-843e-43e4-b975-53408883b189,2024-03-05T11:29:42.286+01:00,2024-03-05T17:32:42.286+01:00,Gdańsk
45b89c74-040e-49fd-89ee-22b71647dbad,f0f401a4-2ea3-4289-9a83-8eb3b30215af,ba8d28b8-58e4-43b3-8d5e-902c33590023,2024-03-05T10:00:42.286+01:00,2024-03-05T17:03:42.286+01:00,Wrocław
ce8f5b3d-0d26-48dc-89c4-c59a461cfe9a,f0f401a4-2ea3-4289-9a83-8eb3b30215af,0db4ba28-601b-4d66-ab49-76460fb85be0,2024-03-05T07:48:42.286+01:00,2024-03-05T17:19:42.286+01:00,Warszawa
41d67269-8b81-4451-9ca2-7023ddaad81d,f0f401a4-2ea3-4289-9a83-8eb3b30215af,9d5ba3a1-7d0f-4712-b396-0bf949e8845a,2024-03-05T12:40:42.286+01:00,2024-03-05T17:38:42.286+01:00,Warszawa
8f8e3ff7-0c99-41be-b700-e32f030dfb40,f0f401a4-2ea3-4289-9a83-8eb3b30215af,16dba0c5-4e14-464f-997a-2b5a04c42cab,2024-03-04T10:12:42.286+01:00,2024-03-04T17:49:42.286+01:00,Wrocław
5a2651a1-5175-4a70-bda9-b6d2f1f2eba1,f0f401a4-2ea3-4289-9a83-8eb3b30215af,689def59-18f3-4c71-a35a-4f3750a6fc3d,2024-03-04T11:13:42.286+01:00,2024-03-04T17:31:42.286+01:00,Warszawa
d3a73028-c1f4-4840-b6aa-d3017812e7a7,f0f401a4-2ea3-4289-9a83-8eb3b30215af,1ef6345f-1ac8-48a5-ab53-65d8a7da8984,2024-03-03T09:33:42.286+01:00,2024-03-03T17:41:42.286+01:00,Wrocław
adac1929-9397-4aa2-839b-7c5fad3d2504,f0f401a4-2ea3-4289-9a83-8eb3b30215af,68c47774-a150-4142-b45a-e33b8388f364,2024-03-03T08:14:42.286+01:00,2024-03-03T17:06:42.286+01:00,Warszawa
561759e1-8ab7-4594-ae39-8fab6cf3a020,f0f401a4-2ea3-4289-9a83-8eb3b30215af,f80020b7-76cd-4a56-b6d4-cea612780d74,2024-03-03T09:26:42.286+01:00,2024-03-03T17:00:42.286+01:00,Gdańsk
091cad4a-d189-4a09-af75-afc6c24fa750,f0f401a4-2ea3-4289-9a83-8eb3b30215af,d6b0b18d-c13a-430e-abd6-e01106eed5a8,2024-03-03T07:33:42.286+01:00,2024-03-03T17:55:42.286+01:00,Wrocław
36d6b0a2-faa0-4756-ad9e-544adf48b14d,f0f401a4-2ea3-4289-9a83-8eb3b30215af,e5ca4506-7b6a-4641-8a94-5080b1a33058,2024-03-03T08:59:42.286+01:00,2024-03-03T17:01:42.286+01:00,Wrocław
b14235cc-bda1-4558-9624-37c61e49394a,f0f401a4-2ea3-4289-9a83-8eb3b30215af,95ce149b-1b9e-4239-957e-b87f156236b6,2024-03-03T12:50:42.286+01:00,2024-03-03T17:21:42.286+01:00,Warszawa
7e9accab-d3b5-4aaa-bd97-4fbdb82a412c,f0f401a4-2ea3-4289-9a83-8eb3b30215af,49fd7244-ca36-4669-aff7-99f475bfac6c,2024-03-03T06:31:42.286+01:00,2024-03-03T17:41:42.286+01:00,Wrocław
1e5bc88a-bcb2-4a7a-b962-a8e472f6f82e,f0f401a4-2ea3-4289-9a83-8eb3b30215af,5ad3d644-967d-453b-a6ec-591049e7369a,2024-03-02T08:13:42.286+01:00,2024-03-02T16:58:42.286+01:00,Wrocław
9e66b94e-adad-46fa-a541-bbe3774a5fc3,f0f401a4-2ea3-4289-9a83-8eb3b30215af,ab6d805e-81af-420e-84ec-570085b4e23b,2024-03-02T10:00:42.286+01:00,2024-03-02T17:43:42.286+01:00,Warszawa
856c0a4f-3e33-40fe-a322-5f27ab4197fd,f0f401a4-2ea3-4289-9a83-8eb3b30215af,e9ed2ec2-5182-4256-aef6-9f699d333239,2024-03-02T07:26:42.286+01:00,2024-03-02T17:55:42.286+01:00,Wrocław
4110008b-4ed4-489f-b766-e0368411978c,f0f401a4-2ea3-4289-9a83-8eb3b30215af,d93d3270-c4e1-4e13-a189-75c0be9c605a,2024-03-02T10:39:42.286+01:00,2024-03-02T17:09:42.286+01:00,Wrocław
7e88af63-4f94-446f-89e1-7ee6e3a66bea,f0f401a4-2ea3-4289-9a83-8eb3b30215af,f3ec4e68-9423-49ac-bd0b-0f6e366561f8,2024-03-02T12:04:42.286+01:00,2024-03-02T17:57:42.286+01:00,Wrocław
24789950-fac2-49cb-bb57-ceedd9238cbd,f0f401a4-2ea3-4289-9a83-8eb3b30215af,3d2b7966-676f-4ca2-b543-712b60d74ad3,2024-03-02T11:14:42.286+01:00,2024-03-02T17:24:42.286+01:00,Gdańsk
b5e8ce26-9f65-449b-9050-934bcca79c11,f0f401a4-2ea3-4289-9a83-8eb3b30215af,4db2a400-0bea-4733-9d20-8c2e8f409a51,2024-03-01T10:51:42.286+01:00,2024-03-01T17:36:42.286+01:00,Wrocław
8b9b9492-547c-4e01-906f-21a9d6e941df,f0f401a4-2ea3-4289-9a83-8eb3b30215af,b8fb4d65-ac48-4b85-a50f-2f8a172baedc,2024-03-01T12:41:42.286+01:00,2024-03-01T17:10:42.286+01:00,Gdańsk
78f77aee-4991-44d9-8485-4b83a6e3bd5d,f0f401a4-2ea3-4289-9a83-8eb3b30215af,823c7fdb-6163-4734-a5f3-3b3f6fbdd2e5,2024-03-01T09:42:42.286+01:00,2024-03-01T17:15:42.286+01:00,Wrocław
93bf6c8a-546d-4e9a-9003-c0d43e69e5e9,f0f401a4-2ea3-4289-9a83-8eb3b30215af,ad990706-e531-4023-aa1a-1464267774a0,2024-03-01T12:42:42.286+01:00,2024-03-01T17:52:42.286+01:00,Warszawa
478c2de5-9c4e-4c78-bbb1-c03f0b467f94,f0f401a4-2ea3-4289-9a83-8eb3b30215af,4408d4bb-99b3-4a79-b998-a768ea969942,2024-03-01T06:41:42.286+01:00,2024-03-01T17:43:42.286+01:00,Gdańsk
172b7881-6285-41c6-bd9c-273dde8943a5,f0f401a4-2ea3-4289-9a83-8eb3b30215af,c44bf49b-498c-4733-9467-0097efcace16,2024-03-01T10:03:42.286+01:00,2024-03-01T17:03:42.286+01:00,Warszawa
11fe394a-9b64-4771-b1a1-45817653ac83,f0f401a4-2ea3-4289-9a83-8eb3b30215af,388978d0-a793-42cb-a124-a9c28fa556b8,2024-02-29T11:27:42.286+01:00,2024-02-29T17:20:42.286+01:00,Warszawa
add81213-056c-4782-ae59-0f384859a52c,f0f401a4-2ea3-4289-9a83-8eb3b30215af,b8fb4d65-ac48-4b85-a50f-2f8a172baedc,2024-02-29T07:49:42.286+01:00,2024-02-29T17:37:42.286+01:00,Wrocław
b52bc5eb-6b07-4ee5-9257-0e19f9b9c627,f0f401a4-2ea3-4289-9a83-8eb3b30215af,68eac39b-3521-4b97-9577-6eea4e6ad573,2024-02-29T12:47:42.286+01:00,2024-02-29T17:15:42.286+01:00,Gdańsk
f2d22b88-01c7-440d-bc2b-5d7494a76e30,f0f401a4-2ea3-4289-9a83-8eb3b30215af,abaf804e-35aa-4414-bb75-a4afd85b3651,2024-02-28T10:16:42.286+01:00,2024-02-28T17:29:42.286+01:00,Wrocław
b71986e0-3ce1-4ba2-931a-9b95db8c1341,f0f401a4-2ea3-4289-9a83-8eb3b30215af,e8df6265-c2ba-4e91-857d-3650949fa66d,2024-02-28T06:01:42.286+01:00,2024-02-28T17:25:42.286+01:00,Gdańsk
cd97cbce-2624-45ea-a7ed-f2badd06c041,f0f401a4-2ea3-4289-9a83-8eb3b30215af,42ae0d6a-bd14-4f9f-a00b-ab30022d57c6,2024-02-28T08:28:42.286+01:00,2024-02-28T17:49:42.286+01:00,Wrocław
919c624e-b7f3-4146-9a6c-c60ad66749b8,f0f401a4-2ea3-4289-9a83-8eb3b30215af,1abf0c9c-6885-415d-896d-a2af16c027df,2024-02-28T09:34:42.286+01:00,2024-02-28T17:49:42.286+01:00,Gdańsk
90ef05dd-d49c-4103-b841-54aed1f79be7,f0f401a4-2ea3-4289-9a83-8eb3b30215af,af188ac5-2fdd-4850-a442-cb4c457af6de,2024-02-27T06:46:42.286+01:00,2024-02-27T17:28:42.286+01:00,Wrocław
e22903e0-f68f-42e6-9118-3cdfa1372eb0,f0f401a4-2ea3-4289-9a83-8eb3b30215af,abe3f24b-5018-4332-8434-6e6d7c1df92e,2024-02-27T07:34:42.286+01:00,2024-02-27T17:52:42.286+01:00,Wrocław
a33d140f-6f79-4c07-839d-e2a596cc309c,f0f401a4-2ea3-4289-9a83-8eb3b30215af,33cf4220-8af9-4113-ad59-c4e5b7c8a040,2024-02-27T12:22:42.286+01:00,2024-02-27T17:05:42.286+01:00,Wrocław
e967c164-af97-4810-bb77-d3315b920689,f0f401a4-2ea3-4289-9a83-8eb3b30215af,750c9d81-7e92-4d9f-93ea-af3adc67fada,2024-02-27T12:49:42.286+01:00,2024-02-27T17:30:42.286+01:00,Warszawa
d585d3e5-acaa-46a1-a8f7-7cdfeae04e9e,f0f401a4-2ea3-4289-9a83-8eb3b30215af,1015b5cd-a567-450f-9ee4-15d2f600ecd5,2024-02-27T08:21:42.286+01:00,2024-02-27T17:44:42.286+01:00,Wrocław
b0c22114-8384-4886-8ad0-26b4f7541ddd,f0f401a4-2ea3-4289-9a83-8eb3b30215af,49fd7244-ca36-4669-aff7-99f475bfac6c,2024-02-27T08:37:42.286+01:00,2024-02-27T17:14:42.286+01:00,Gdańsk
d0040cf1-3c50-4143-85a8-96105ab20ea0,f0f401a4-2ea3-4289-9a83-8eb3b30215af,64756153-c9b6-49e6-a637-686a08fec867,2024-02-27T08:19:42.286+01:00,2024-02-27T17:13:42.286+01:00,Gdańsk
17b48d78-ec07-4c44-8e83-e50961532ba3,f0f401a4-2ea3-4289-9a83-8eb3b30215af,48ae254e-987e-45b4-bc5f-460322d3a607,2024-02-27T12:04:42.286+01:00,2024-02-27T17:19:42.286+01:00,Wrocław
fc73f737-9bac-4ebf-8a19-7b68e1f2a922,f0f401a4-2ea3-4289-9a83-8eb3b30215af,7e923d3e-6fa0-42a3-accd-fedcf2a4445e,2024-02-26T09:39:42.286+01:00,2024-02-26T17:16:42.286+01:00,Wrocław
c495739b-b7ed-416a-abe2-7751267f76a5,f0f401a4-2ea3-4289-9a83-8eb3b30215af,1494d659-24b0-4317-be9b-a2be861e1483,2024-02-26T07:15:42.286+01:00,2024-02-26T17:02:42.286+01:00,Gdańsk
5a932e00-7157-40f6-bc40-8a239ebf2caf,f0f401a4-2ea3-4289-9a83-8eb3b30215af,f911c409-67bd-4344-8bee-bc05626238f8,2024-02-25T09:53:42.286+01:00,2024-02-25T17:56:42.286+01:00,Wrocław
8254bd7c-ee22-4da2-ba3a-645b7dd4f448,f0f401a4-2ea3-4289-9a83-8eb3b30215af,49847ba4-8aba-4d25-ad1a-f0f3161ef109,2024-02-25T07:07:42.286+01:00,2024-02-25T17:12:42.286+01:00,Wrocław
6ad8d2a3-4941-41f7-84c0-078b42a0d65e,f0f401a4-2ea3-4289-9a83-8eb3b30215af,cc75a23a-027e-4b10-874e-ab590d652251,2024-02-25T10:00:42.286+01:00,2024-02-25T17:00:42.286+01:00,Gdańsk
2b28444c-8123-4e52-9ec9-32269685c050,f0f401a4-2ea3-4289-9a83-8eb3b30215af,408d2021-91ca-4b5d-8e5f-767841679a26,2024-02-25T07:29:42.286+01:00,2024-02-25T17:44:42.286+01:00,Warszawa
689a2ecb-1e10-4333-9c50-5383087d8170,f0f401a4-2ea3-4289-9a83-8eb3b30215af,5077899e-f209-4357-999f-b477f2bc97ce,2024-02-25T08:13:42.286+01:00,2024-02-25T17:46:42.286+01:00,Wrocław
0482256d-89fd-417f-884d-5c53803fed5c,f0f401a4-2ea3-4289-9a83-8eb3b30215af,ad990706-e531-4023-aa1a-1464267774a0,2024-02-25T06:50:42.286+01:00,2024-02-25T17:39:42.286+01:00,Warszawa
9924e1b9-4459-4f4d-bec5-23218ff54548,f0f401a4-2ea3-4289-9a83-8eb3b30215af,cd0aba46-43b6-44b0-a4f3-1fdf0f6bbc5b,2024-02-25T06:22:42.286+01:00,2024-02-25T17:31:42.286+01:00,Gdańsk
556402a8-8885-4cb4-a596-705e040f3b5d,f0f401a4-2ea3-4289-9a83-8eb3b30215af,6531b013-89d0-4796-a012-0e248805d038,2024-02-25T12:40:42.286+01:00,2024-02-25T17:17:42.286+01:00,Wrocław
808f1a62-6d66-416c-865b-a108efc00c1b,f0f401a4-2ea3-4289-9a83-8eb3b30215af,ccdd4871-8a04-4e58-97b4-50beb3a7bd42,2024-02-24T12:36:42.286+01:00,2024-02-24T17:05:42.286+01:00,Warszawa
1c164453-51b5-4e7f-86e2-8ecd6d55abf7,f0f401a4-2ea3-4289-9a83-8eb3b30215af,51efdf79-68e1-472e-88da-3b076a869bb2,2024-02-24T09:23:42.286+01:00,2024-02-24T17:01:42.286+01:00,Gdańsk
91dd3281-4bd7-4564-bf6e-cf8fc8737820,f0f401a4-2ea3-4289-9a83-8eb3b30215af,ee535db5-3b8a-4bba-872a-2aefaf1eee2d,2024-02-24T08:09:42.286+01:00,2024-02-24T17:23:42.286+01:00,Warszawa
2057aaf5-8e26-4a0c-893f-c094ac0f711c,f0f401a4-2ea3-4289-9a83-8eb3b30215af,1bc1e007-af4b-4c44-a61e-a40ddc0228f2,2024-02-24T08:16:42.286+01:00,2024-02-24T17:57:42.286+01:00,Wrocław
ed89c8c1-f1a0-4635-8602-4e27acb2fcaa,f0f401a4-2ea3-4289-9a83-8eb3b30215af,db6bbd5d-4066-4000-9f6a-37ecb47540cc,2024-02-24T09:39:42.286+01:00,2024-02-24T17:56:42.286+01:00,Wrocław
2a875e84-ba6b-44bf-ba55-acb033a2501e,f0f401a4-2ea3-4289-9a83-8eb3b30215af,3b92be3a-75ef-4a14-be01-43e32cbc2fda,2024-02-24T10:38:42.286+01:00,2024-02-24T17:09:42.286+01:00,Wrocław
9b067e60-079e-4ea4-a25e-32ad43c062ef,f0f401a4-2ea3-4289-9a83-8eb3b30215af,2fb9743c-cca4-4bae-838d-1a3b72349a93,2024-02-24T07:29:42.286+01:00,2024-02-24T17:42:42.286+01:00,Gdańsk
698db3af-6fd4-4b42-acb5-64cf1b710d71,f0f401a4-2ea3-4289-9a83-8eb3b30215af,64afb393-30c3-416b-b56e-33dda94f64ec,2024-02-24T12:24:42.286+01:00,2024-02-24T17:48:42.286+01:00,Wrocław
